question,answer
"Analyze the input text to identify the sentiment.
I am feeling so frustrated about this issue.","# Sentiment Analysis

**Sentiment: Negative**

## Breakdown:

- **Emotional Tone:** The speaker expresses frustration, which is a negative emotion
- **Key Indicator:** The phrase ""so frustrated"" explicitly conveys displeasure and exasperation
- **Intensity:** The use of ""so"" amplifies the strength of the negative feeling
- **Subject:** The frustration is directed toward ""this issue,"" indicating a problem or concern

**Overall Assessment:** The text clearly communicates negative sentiment with moderate to strong intensity."
Create a list of 10 helpful tips for designing an effective computer-based education system,"# 10 Tips for Designing an Effective Computer-Based Education System

## 1. **Prioritize User-Centered Design**
Design with the end-user in mind—students, instructors, and administrators. Conduct usability testing and gather feedback regularly to ensure the system meets actual needs.

## 2. **Ensure Accessibility**
Make content accessible to all learners, including those with disabilities. Follow WCAG guidelines for screen reader compatibility, captions, adjustable fonts, and keyboard navigation.

## 3. **Implement Adaptive Learning Pathways**
Use data and algorithms to personalize content difficulty and pacing based on individual student performance and learning styles.

## 4. **Design for Intuitive Navigation**
Keep interfaces clean and straightforward. Users should find what they need within 2-3 clicks without confusion or excessive training.

## 5. **Incorporate Multiple Content Formats**
Combine videos, interactive simulations, text, infographics, and quizzes to accommodate different learning preferences and maintain engagement.

## 6. **Build in Progress Tracking and Feedback**
Provide clear visibility into progress, automated feedback on assessments, and actionable insights to help learners understand their development.

## 7. **Ensure Reliable Performance**
Optimize loading times, minimize downtime, and test extensively across devices and browsers. Technical issues damage user confidence and retention.

## 8. **Support Collaborative Features**
Include discussion forums, group projects, and peer review capabilities to foster community and enhance learning through social interaction.

## 9. **Plan for Scalability**
Design infrastructure that can grow with user demand without performance degradation or major redesigns.

## 10. **Maintain Data Security and Privacy**
Implement robust security measures, comply with privacy regulations (FERPA, GDPR), and be transparent about data usage to protect users and build trust."
"Create a metaphor that compares the given concepts.
Concepts: Speed and sound","# Speed and Sound

**Speed is a silent arrow, while sound is its echo chasing behind.**

Speed cuts through space without announcement—swift, invisible, leaving no trace until it's already gone. Sound, by contrast, is the messenger that arrives later, breathless and desperate to catch up, announcing what has already transpired.

Like a lightning bolt that races ahead of its own thunder, speed is the phenomenon itself, while sound is merely the universe's belated announcement that something has already passed."
"Describe the impacts of using this technology in industry.
Technology: Artificial Intelligence","# Impacts of Artificial Intelligence in Industry

## **Positive Impacts**

### Productivity & Efficiency
- Automates repetitive tasks, freeing workers for complex problems
- Accelerates data analysis and decision-making
- Increases production speed and reduces operational costs

### Quality & Innovation
- Improves product quality through predictive maintenance
- Enables new business models and services
- Drives R&D breakthroughs in sectors like pharmaceuticals and materials science

### Economic Benefits
- Creates competitive advantages for early adopters
- Opens new revenue streams
- Reduces waste and resource consumption

### Workforce Enhancement
- Augments human capabilities rather than just replacing labor
- Reduces workplace injuries in hazardous environments
- Allows focus on creative and strategic work

---

## **Negative Impacts**

### Employment Disruption
- Job displacement in manufacturing, customer service, and data entry
- Skills gaps for workers in outdated roles
- Widening wage inequality between high-skill and low-skill workers

### Implementation Costs
- Significant investment needed for infrastructure and training
- Creates barriers for small/medium enterprises
- Ongoing maintenance and updates required

### Ethical & Social Concerns
- Algorithmic bias affecting hiring, lending, and resource allocation
- Privacy risks from increased data collection
- Concentration of power among large tech companies

### Operational Risks
- Cybersecurity vulnerabilities
- Over-reliance on AI systems leading to human skill atrophy
- Lack of transparency in AI decision-making (""black box"" problem)

---

## **Industry-Specific Examples**

| Industry | AI Impact |
|----------|-----------|
| **Manufacturing** | Robotics, predictive maintenance, quality control |
| **Healthcare** | Diagnostic imaging, drug discovery, personalized treatment |
| **Finance** | Fraud detection, algorithmic trading, risk assessment |
| **Retail** | Personalization, inventory management, checkout automation |

---

**The reality:** AI's impact depends heavily on **how responsibly** it's implemented and how societies manage the transition through retraining and policy frameworks."
"Edit the following sentence to make it more concise.
He ran to the bus stop in order to catch the bus that was due to arrive in five minutes.","# Edited sentence:

He ran to the bus stop to catch the bus arriving in five minutes.

**Changes made:**
- Removed ""in order to"" (replaced with ""to"")
- Removed ""that was due to"" (replaced with ""arriving"")"
"Edit the following sentence to make it more concise: ""The cat was sitting on the fence and meowing loudly"".","# Edited sentence:

""The cat sat on the fence, meowing loudly.""

**Changes made:**
- Changed ""was sitting"" to ""sat"" (more direct)
- Removed ""and"" and used a comma instead (tighter construction)"
Generate a call to action for a blog post about the power of positive thinking.,"# Call to Action: Power of Positive Thinking

**Ready to transform your life? Start today:**

> Don't just read about positive thinking—**live it.** Choose one strategy from this post and commit to practicing it for the next 7 days. Notice how your mindset shifts, your opportunities expand, and your life changes.

**Share your journey:** Comment below with which technique you're trying first, or tag us on social media with #MyPositiveMindset to inspire others in our community.

**Want more?** Subscribe to our newsletter for weekly tips on building unshakeable confidence and achieving your goals.

---

### Alternative shorter versions:

- *""Your mindset shapes your reality. Which positive habit will you start today?""*

- *""Stop waiting for change. Download our free Positive Thinking Guide and begin rewiring your mind right now.""*

- *""The power is in your hands. Share this with someone who needs to hear it, and let's grow together.""*"
Generate a list of 10 questions about GPT models.,"# 10 Questions About GPT Models

1. **What does GPT stand for and what is its primary function?**
   Generative Pre-trained Transformer—a language model designed to generate human-like text based on input prompts.

2. **How do GPT models learn from training data?**
   Through unsupervised learning on large text datasets, predicting the next word in sequences to develop language understanding.

3. **What is the ""transformer"" architecture and why is it important for GPT?**
   A neural network architecture using attention mechanisms that allows models to process relationships between words regardless of distance in text.

4. **What are the main differences between GPT-3 and GPT-4?**
   GPT-4 has improved reasoning, safety, factuality, and can process images; it's more capable but also more computationally expensive.

5. **What does ""pre-trained"" mean in the context of GPT models?**
   The model is trained on vast amounts of text data before being fine-tuned for specific tasks, giving it broad language knowledge.

6. **Can GPT models be biased, and what causes this?**
   Yes, because they learn from human-generated training data that may contain societal biases and prejudices.

7. **What are tokens and why do they matter in GPT models?**
   Tokens are small units of text (words or subwords) that models process; token limits affect how much text a model can handle at once.

8. **How do GPT models handle questions outside their training data?**
   They use patterns learned from training to generate plausible responses, though accuracy isn't guaranteed for novel or very recent topics.

9. **What is temperature in GPT model outputs and how does it affect responses?**
   A parameter controlling randomness—lower values produce focused, deterministic responses; higher values increase creativity and variability.

10. **What are the main limitations of current GPT models?**
    Including: potential hallucinations, lack of true reasoning, knowledge cutoff dates, inability to access real-time information, and computational costs."
"Generate a paraphrased version of the following sentence.
The music stores all have different types of instruments for sale.","# Paraphrased Version

Each music store offers a variety of different instruments available for purchase.

---

**Alternative paraphrases:**
- Music stores stock diverse selections of instruments to buy.
- You can find a range of different instruments for sale across various music stores.
- Different instruments are available for purchase at music stores throughout the area."
Tell a story about a young athlete’s decision to join a new team.,"# The New Team

Maya had been running cross-country with Lincoln High for three years. She knew every trail, every coach's quirk, every teammate's pace. But after graduating to senior year, everything felt stale.

Then she saw the flyer at the community center: **Riverside Runners—Elite Training Program. Competitive. Rigorous. State-focused.**

Her stomach twisted with both excitement and guilt.

She'd overheard the whispers at practice. Lincoln's program was shrinking. Coach Patterson was retiring next year. Some of her teammates were talking about quitting altogether. Joining Riverside felt like abandonment.

That night, Maya sat with her parents at dinner.

""I want to try something new,"" she said carefully. ""But I'm worried about letting people down.""

Her mom set down her fork. ""Can you run fast at Lincoln?""

""Sure, but—""

""Then you're not letting them down by leaving. You're just choosing what's best for *you*. That's not selfish, Maya. That's growing up.""

Maya visited Riverside the following week. The facilities were pristine. The runners moved with purpose. But what convinced her was seeing a girl in the weight room—someone she'd raced before, who'd also made the switch. Their eyes met, and she smiled like it was the best decision she'd ever made.

On her last day at Lincoln, Coach Patterson pulled her aside. ""I heard you're going to Riverside,"" he said. His eyes were sad but kind. ""You're going to run that mile in 5:30. Maybe even faster. Go do that.""

Maya hugged him. Sometimes leaving was the right choice. And sometimes it took courage to realize that growth meant saying goodbye."
